{"problem_1-1": {"state_values": [[0, 0.7737809374999999], [1, 0.8145062499999999], [2, 0.8573749999999999], [3, 0.8145062499999999], [4, 0.8145062499999999], [5, 0], [6, 0.9025], [7, 0], [8, 0.8573749999999999], [9, 0.9025], [10, 0.95], [11, 0], [12, 0], [13, 0.95], [14, 1.0], [15, 0]], "rewards": true}, "problem_1-2": {"state_values": [[0, 0.7737809374999999], [1, 0.8145062499999999], [2, 0.8573749999999999], [3, 0.8145062499999999], [4, 0.8145062499999999], [5, 0.0], [6, 0.9025], [7, 0.0], [8, 0.8573749999999999], [9, 0.9025], [10, 0.95], [11, 0.0], [12, 0.0], [13, 0.95], [14, 1.0], [15, 0.0]], "policy_values": [[0, 1], [1, 2], [2, 1], [3, 0], [4, 1], [5, 0], [6, 1], [7, 0], [8, 2], [9, 1], [10, 1], [11, 0], [12, 0], [13, 2], [14, 2], [15, 0]]}, "problem_1-3": "PI"}