{"initial_reset_timestamp": 1599336894.056787, "timestamps": [1599336903.644423, 1599336906.11186, 1599336906.234942, 1599336906.30851, 1599336906.3946722, 1599336906.457257, 1599336906.515832, 1599336906.568458, 1599336908.9354188, 1599336909.0429282, 1599336909.083751, 1599336909.1248581, 1599336909.167246, 1599336909.211068, 1599336909.25405, 1599336909.290538, 1599336909.3321018, 1599336909.3745432, 1599336909.4159691, 1599336909.456796, 1599336909.497809, 1599336909.5407722, 1599336909.581635, 1599336909.609149, 1599336909.642921, 1599336909.684735, 1599336909.7264562, 1599336913.232275, 1599336913.331795, 1599336913.370077, 1599336913.407288, 1599336913.444814, 1599336913.482199, 1599336913.522093, 1599336913.560252, 1599336913.599589, 1599336913.639773, 1599336913.678394, 1599336913.717278, 1599336913.755051, 1599336913.7926788, 1599336913.8310559, 1599336913.8688881, 1599336913.896666, 1599336913.9349709, 1599336913.979427, 1599336914.0224042, 1599336914.064982, 1599336914.10746, 1599336914.151181, 1599336914.1966, 1599336914.243795, 1599336914.288058, 1599336914.333788, 1599336914.381103, 1599336914.434156, 1599336914.4842749, 1599336914.536596, 1599336914.5863922, 1599336914.636492, 1599336914.685066, 1599336914.7312791, 1599336914.775292, 1599336914.8180108, 1599336917.915852, 1599336918.012995, 1599336918.050247, 1599336918.089525, 1599336918.12713, 1599336918.1647959, 1599336918.202529, 1599336918.239521, 1599336918.2770188, 1599336918.3170712, 1599336918.35646, 1599336918.396565, 1599336918.434973, 1599336918.4801779, 1599336918.53, 1599336918.577632, 1599336918.6255739, 1599336918.6716402, 1599336918.717174, 1599336918.761803, 1599336918.8073118, 1599336918.853459, 1599336918.901056, 1599336918.947073, 1599336918.984842, 1599336919.0101519, 1599336919.048634, 1599336919.087096, 1599336919.12526, 1599336919.163709, 1599336919.203688, 1599336919.244194, 1599336919.283297, 1599336919.324194, 1599336919.3622668, 1599336919.4014862], "episode_lengths": [200, 200, 174, 200, 200, 200, 200, 200, 200, 200, 200, 200, 200, 200, 200, 176, 200, 200, 200, 200, 200, 200, 200, 131, 163, 200, 200, 200, 200, 200, 200, 200, 200, 200, 200, 200, 200, 200, 200, 200, 200, 200, 200, 147, 200, 200, 200, 200, 200, 200, 200, 200, 200, 200, 200, 200, 200, 200, 200, 200, 200, 200, 200, 200, 200, 200, 200, 200, 200, 200, 200, 200, 200, 200, 200, 200, 200, 200, 200, 200, 200, 200, 200, 200, 200, 200, 200, 200, 200, 132, 200, 200, 200, 200, 200, 200, 200, 200, 200, 200], "episode_rewards": [200.0, 200.0, 174.0, 200.0, 200.0, 200.0, 200.0, 200.0, 200.0, 200.0, 200.0, 200.0, 200.0, 200.0, 200.0, 176.0, 200.0, 200.0, 200.0, 200.0, 200.0, 200.0, 200.0, 131.0, 163.0, 200.0, 200.0, 200.0, 200.0, 200.0, 200.0, 200.0, 200.0, 200.0, 200.0, 200.0, 200.0, 200.0, 200.0, 200.0, 200.0, 200.0, 200.0, 147.0, 200.0, 200.0, 200.0, 200.0, 200.0, 200.0, 200.0, 200.0, 200.0, 200.0, 200.0, 200.0, 200.0, 200.0, 200.0, 200.0, 200.0, 200.0, 200.0, 200.0, 200.0, 200.0, 200.0, 200.0, 200.0, 200.0, 200.0, 200.0, 200.0, 200.0, 200.0, 200.0, 200.0, 200.0, 200.0, 200.0, 200.0, 200.0, 200.0, 200.0, 200.0, 200.0, 200.0, 200.0, 200.0, 132.0, 200.0, 200.0, 200.0, 200.0, 200.0, 200.0, 200.0, 200.0, 200.0, 200.0], "episode_types": ["t", "t", "t", "t", "t", "t", "t", "t", "t", "t", "t", "t", "t", "t", "t", "t", "t", "t", "t", "t", "t", "t", "t", "t", "t", "t", "t", "t", "t", "t", "t", "t", "t", "t", "t", "t", "t", "t", "t", "t", "t", "t", "t", "t", "t", "t", "t", "t", "t", "t", "t", "t", "t", "t", "t", "t", "t", "t", "t", "t", "t", "t", "t", "t", "t", "t", "t", "t", "t", "t", "t", "t", "t", "t", "t", "t", "t", "t", "t", "t", "t", "t", "t", "t", "t", "t", "t", "t", "t", "t", "t", "t", "t", "t", "t", "t", "t", "t", "t", "t"]}