{"problem_1-1": 0.87109375, "problem_2-1": 2, "problem_2-2": 0.8469899999999998, "problem_2-3": 1}