{"initial_reset_timestamp": 1593377573.6573792, "timestamps": [1593377582.952802], "episode_lengths": [49], "episode_rewards": [49.0], "episode_types": ["t"]}